{"cameraMode":{"drawMode":0,"name":"Shaded","section":"Shading Mode"},"sceneLighting":false,"audioPlay":false,"sceneViewState":{"showFog":true,"showMaterialUpdate":true,"showSkybox":true,"showFlares":true,"showImageEffects":true,"showParticleSystems":true},"in2DMode":false,"pivot":{"x":0.005033254623413086,"y":1.5099995136260987,"z":14.280360221862793},"rotation":{"x":-0.1833067238330841,"y":-0.6617395281791687,"z":0.17162804305553437,"w":-0.7065388560295105},"size":12.003110885620118,"orthographic":false}