{"cameraMode":{"drawMode":0,"name":"Shaded","section":"Shading Mode"},"sceneLighting":false,"audioPlay":false,"sceneViewState":{"showFog":true,"showMaterialUpdate":true,"showSkybox":true,"showFlares":true,"showImageEffects":true,"showParticleSystems":true},"in2DMode":false,"pivot":{"x":85.00540161132813,"y":-23.91680335998535,"z":6.110115051269531},"rotation":{"x":0.003308818908408284,"y":-0.9828800559043884,"z":0.18374444544315339,"w":0.018257079645991327},"size":845.6281127929688,"orthographic":false}