{"cameraMode":{"drawMode":0,"name":"Shaded","section":"Shading Mode"},"sceneLighting":false,"audioPlay":false,"sceneViewState":{"showFog":true,"showMaterialUpdate":true,"showSkybox":true,"showFlares":true,"showImageEffects":true,"showParticleSystems":true},"in2DMode":false,"pivot":{"x":14.33827018737793,"y":16.260103225708009,"z":54.56373596191406},"rotation":{"x":-0.17587262392044068,"y":-0.6946032047271729,"z":0.18126611411571504,"w":-0.6737112402915955},"size":49.912776947021487,"orthographic":false}