{"cameraMode":{"drawMode":0,"name":"Shaded","section":"Shading Mode"},"sceneLighting":false,"audioPlay":false,"sceneViewState":{"showFog":true,"showMaterialUpdate":true,"showSkybox":true,"showFlares":true,"showImageEffects":true,"showParticleSystems":true},"in2DMode":false,"pivot":{"x":6.989462375640869,"y":0.42591333389282229,"z":15.54553508758545},"rotation":{"x":0.10519752651453018,"y":0.5980862975120544,"z":-0.07961635291576386,"w":0.7905400991439819},"size":13.335928916931153,"orthographic":false}