{"cameraMode":{"drawMode":0,"name":"Shaded","section":"Shading Mode"},"sceneLighting":false,"audioPlay":false,"sceneViewState":{"showFog":true,"showMaterialUpdate":true,"showSkybox":true,"showFlares":true,"showImageEffects":true,"showParticleSystems":true},"in2DMode":false,"pivot":{"x":227.2266387939453,"y":125.17819213867188,"z":-121.491943359375},"rotation":{"x":0.02701604925096035,"y":-0.9611368775367737,"z":0.255493700504303,"w":0.10184834152460098},"size":786.6472778320313,"orthographic":false}