{"cameraMode":{"drawMode":0,"name":"Shaded","section":"Shading Mode"},"sceneLighting":false,"audioPlay":false,"sceneViewState":{"showFog":true,"showMaterialUpdate":true,"showSkybox":true,"showFlares":true,"showImageEffects":true,"showParticleSystems":true},"in2DMode":false,"pivot":{"x":16.356761932373048,"y":3.3517446517944338,"z":40.46875},"rotation":{"x":0.4527287185192108,"y":0.002384164370596409,"z":-0.001225591404363513,"w":0.8916767239570618},"size":161.2548370361328,"orthographic":false}