{"cameraMode":{"drawMode":0,"name":"Shaded","section":"Shading Mode"},"sceneLighting":false,"audioPlay":false,"sceneViewState":{"showFog":true,"showMaterialUpdate":true,"showSkybox":true,"showFlares":true,"showImageEffects":true,"showParticleSystems":true},"in2DMode":false,"pivot":{"x":6.684761047363281,"y":-1.9456615447998047,"z":11.180215835571289},"rotation":{"x":0.13853220641613007,"y":0.7617976069450378,"z":-0.17341352999210359,"w":0.6086564064025879},"size":11.50143814086914,"orthographic":false}