{"cameraMode":{"drawMode":0,"name":"Shaded","section":"Shading Mode"},"sceneLighting":false,"audioPlay":false,"sceneViewState":{"showFog":true,"showMaterialUpdate":true,"showSkybox":true,"showFlares":true,"showImageEffects":true,"showParticleSystems":true},"in2DMode":false,"pivot":{"x":265.57379150390627,"y":-167.73992919921876,"z":-104.36839294433594},"rotation":{"x":-0.1408575028181076,"y":-0.8084961771965027,"z":0.21486195921897889,"w":-0.5296104550361633},"size":343.32696533203127,"orthographic":false}