{"cameraMode":{"drawMode":0,"name":"Shaded","section":"Shading Mode"},"sceneLighting":false,"audioPlay":false,"sceneViewState":{"showFog":true,"showMaterialUpdate":true,"showSkybox":true,"showFlares":true,"showImageEffects":true,"showParticleSystems":true},"in2DMode":false,"pivot":{"x":18.97409439086914,"y":-6.3412322998046879,"z":21.166841506958009},"rotation":{"x":0.005054686684161425,"y":-0.9303251504898071,"z":0.3665333092212677,"w":0.012831208296120167},"size":114.3543701171875,"orthographic":false}