{"cameraMode":{"drawMode":0,"name":"Shaded","section":"Shading Mode"},"sceneLighting":false,"audioPlay":false,"sceneViewState":{"showFog":true,"showMaterialUpdate":true,"showSkybox":true,"showFlares":true,"showImageEffects":true,"showParticleSystems":true},"in2DMode":false,"pivot":{"x":263.0001525878906,"y":605.1000366210938,"z":-0.000057220458984375},"rotation":{"x":0.003308818908408284,"y":-0.9828800559043884,"z":0.18374444544315339,"w":0.018257079645991327},"size":829.1160278320313,"orthographic":false}