{"cameraMode":{"drawMode":0,"name":"Shaded","section":"Shading Mode"},"sceneLighting":false,"audioPlay":false,"sceneViewState":{"showFog":true,"showMaterialUpdate":true,"showSkybox":true,"showFlares":true,"showImageEffects":true,"showParticleSystems":true},"in2DMode":false,"pivot":{"x":106.22759246826172,"y":-35.44019317626953,"z":39.506168365478519},"rotation":{"x":0.18268561363220216,"y":0.6794742941856384,"z":-0.18062618374824525,"w":0.6872936487197876},"size":183.0509033203125,"orthographic":false}