{"cameraMode":{"drawMode":0,"name":"Shaded","section":"Shading Mode"},"sceneLighting":false,"audioPlay":false,"sceneViewState":{"showFog":true,"showMaterialUpdate":true,"showSkybox":true,"showFlares":true,"showImageEffects":true,"showParticleSystems":true},"in2DMode":false,"pivot":{"x":36.95417785644531,"y":-0.10628408193588257,"z":39.023658752441409},"rotation":{"x":-0.007976890541613102,"y":-0.9850888848304749,"z":0.16585883498191834,"w":-0.04675672575831413},"size":113.73967742919922,"orthographic":false}