{"cameraMode":{"drawMode":0,"name":"Shaded","section":"Shading Mode"},"sceneLighting":false,"audioPlay":false,"sceneViewState":{"showFog":true,"showMaterialUpdate":true,"showSkybox":true,"showFlares":true,"showImageEffects":true,"showParticleSystems":true},"in2DMode":false,"pivot":{"x":13.799243927001954,"y":-9.786394119262696,"z":40.19145584106445},"rotation":{"x":-0.007976890541613102,"y":-0.9850888848304749,"z":0.16585883498191834,"w":-0.04675672575831413},"size":113.73967742919922,"orthographic":false}