{"cameraMode":{"drawMode":0,"name":"Shaded","section":"Shading Mode"},"sceneLighting":false,"audioPlay":false,"sceneViewState":{"showFog":true,"showMaterialUpdate":true,"showSkybox":false,"showFlares":true,"showImageEffects":true,"showParticleSystems":true},"in2DMode":false,"pivot":{"x":24.587125778198243,"y":1.5099995136260987,"z":88.21333312988281},"rotation":{"x":0.09318116307258606,"y":-0.002720834920182824,"z":0.0003592877765186131,"w":0.9957249760627747},"size":22.0,"orthographic":false}