{"cameraMode":{"drawMode":0,"name":"Shaded","section":"Shading Mode"},"sceneLighting":false,"audioPlay":false,"sceneViewState":{"showFog":true,"showMaterialUpdate":true,"showSkybox":true,"showFlares":true,"showImageEffects":true,"showParticleSystems":true},"in2DMode":false,"pivot":{"x":24.587125778198243,"y":1.5099995136260987,"z":88.21333312988281},"rotation":{"x":0.07075348496437073,"y":-0.007217638660222292,"z":0.0006110245012678206,"w":0.9975463151931763},"size":5.096864700317383,"orthographic":false}