{"cameraMode":{"drawMode":0,"name":"Shaded","section":"Shading Mode"},"sceneLighting":false,"audioPlay":false,"sceneViewState":{"showFog":true,"showMaterialUpdate":true,"showSkybox":true,"showFlares":true,"showImageEffects":true,"showParticleSystems":true},"in2DMode":false,"pivot":{"x":42.14613723754883,"y":8.016765594482422,"z":9.78963851928711},"rotation":{"x":0.3651732802391052,"y":0.00388435460627079,"z":-0.0015459407586604357,"w":0.9309624433517456},"size":58.396663665771487,"orthographic":false}