{"cameraMode":{"drawMode":0,"name":"Shaded","section":"Shading Mode"},"sceneLighting":false,"audioPlay":false,"sceneViewState":{"showFog":true,"showMaterialUpdate":true,"showSkybox":true,"showFlares":true,"showImageEffects":true,"showParticleSystems":true},"in2DMode":false,"pivot":{"x":83.83585357666016,"y":0.05530989170074463,"z":15.44822883605957},"rotation":{"x":-0.12534205615520478,"y":0.7635021805763245,"z":-0.15579889714717866,"w":-0.6141197085380554},"size":3.1854360103607179,"orthographic":false}