{"cameraMode":{"drawMode":0,"name":"Shaded","section":"Shading Mode"},"sceneLighting":false,"audioPlay":false,"sceneViewState":{"showFog":true,"showMaterialUpdate":true,"showSkybox":true,"showFlares":true,"showImageEffects":true,"showParticleSystems":true},"in2DMode":false,"pivot":{"x":103.86946105957031,"y":25.04080581665039,"z":55.84355163574219},"rotation":{"x":-0.13437232375144959,"y":-0.6709346771240234,"z":0.12536713480949403,"w":-0.7184913158416748},"size":162.31533813476563,"orthographic":false}